0.005;6;0.8;66;66;10;1;40;9;254.4;0.2;1.5;5;0.078;0.258;0.42;0.45;100
0.007;16;0.99;118;89;18;2.75;70;12;5040;0.3;1.8;90;0.188;0.402;0.582;0.5;27
0.0059;14;0.99;86;82;14;1.09;49;10;945;0.23;1.66;69;0.118;0.357;0.513;0.5;6.27
0.0055;14;0.99;86;82;14;1.09;49;10;945;0.23;1.66;69;0.118;0.357;0.513;0.5;6.13
0.0059;10;0.99;86;82;14;1.09;49;10;945;0.23;1.66;69;0.118;0.357;0.513;0.5;6.6
0.0059;14;0.93;86;82;14;1.09;49;10;945;0.23;1.66;69;0.118;0.357;0.513;0.5;6.09
0.0059;14;0.99;89;82;14;1.09;49;10;945;0.23;1.66;69;0.118;0.357;0.513;0.5;6.49
0.0059;14;0.99;86;87;14;1.09;49;10;945;0.23;1.66;69;0.118;0.357;0.513;0.5;6.3
0.0059;14;0.99;86;82;17;1.09;49;10;945;0.23;1.66;69;0.118;0.357;0.513;0.5;6.28
0.0059;14;0.99;86;82;14;1.05;49;10;945;0.23;1.66;69;0.118;0.357;0.513;0.5;6.25
0.0059;14;0.99;86;82;14;1.09;56;10;945;0.23;1.66;69;0.118;0.357;0.513;0.5;6.27
0.0059;14;0.99;86;82;14;1.09;49;10;945;0.23;1.66;69;0.118;0.357;0.513;0.5;6.27
0.0059;14;0.99;86;82;14;1.09;49;10;3865;0.23;1.66;69;0.118;0.357;0.513;0.5;6.27
0.0059;14;0.99;86;82;14;1.09;49;10;945;0.23;1.66;69;0.118;0.357;0.513;0.5;6.27
0.0059;14;0.99;86;82;14;1.09;49;10;945;0.23;1.7;69;0.118;0.357;0.513;0.5;6.27
0.0059;14;0.99;86;82;14;1.09;49;10;945;0.23;1.66;88;0.118;0.357;0.513;0.5;6.27
0.0059;14;0.99;86;82;14;1.09;49;10;945;0.23;1.66;69;0.188;0.357;0.513;0.5;6.27
0.0059;14;0.99;86;82;14;1.09;49;10;945;0.23;1.66;69;0.118;0.309;0.513;0.5;6.27
0.0059;14;0.99;86;82;14;1.09;49;10;945;0.23;1.66;69;0.118;0.357;0.571;0.5;6.27
0.0059;14;0.99;86;82;14;1.09;49;10;945;0.23;1.66;69;0.118;0.357;0.513;0.45;5.65
0.005;16;0.85;103;78;14;2.65;50;9;348;0.26;1.57;39;0.129;0.341;0.505;0.49;6.74
0.0065;16;0.85;103;78;14;2.65;50;9;348;0.26;1.57;39;0.129;0.341;0.505;0.49;7
0.005;9;0.85;103;78;14;2.65;50;9;348;0.26;1.57;39;0.129;0.341;0.505;0.49;7.26
0.005;16;0.86;103;78;14;2.65;50;9;348;0.26;1.57;39;0.129;0.341;0.505;0.49;6.79
0.005;16;0.85;92;78;14;2.65;50;9;348;0.26;1.57;39;0.129;0.341;0.505;0.49;6.33
0.005;16;0.85;103;86;14;2.65;50;9;348;0.26;1.57;39;0.129;0.341;0.505;0.49;6.75
0.005;16;0.85;103;78;12;2.65;50;9;348;0.26;1.57;39;0.129;0.341;0.505;0.49;6.74
0.005;16;0.85;103;78;14;2.09;50;9;348;0.26;1.57;39;0.129;0.341;0.505;0.49;6.56
0.005;16;0.85;103;78;14;2.65;66;9;348;0.26;1.57;39;0.129;0.341;0.505;0.49;6.74
0.005;16;0.85;103;78;14;2.65;50;11;348;0.26;1.57;39;0.129;0.341;0.505;0.49;6.74
0.005;16;0.85;103;78;14;2.65;50;9;4012;0.26;1.57;39;0.129;0.341;0.505;0.49;6.74
0.005;16;0.85;103;78;14;2.65;50;9;348;0.21;1.57;39;0.129;0.341;0.505;0.49;6.74
0.005;16;0.85;103;78;14;2.65;50;9;348;0.26;1.52;39;0.129;0.341;0.505;0.49;6.74
0.005;16;0.85;103;78;14;2.65;50;9;348;0.26;1.57;39;0.129;0.341;0.505;0.49;6.74
0.005;16;0.85;103;78;14;2.65;50;9;348;0.26;1.57;39;0.185;0.341;0.505;0.49;6.74
0.005;16;0.85;103;78;14;2.65;50;9;348;0.26;1.57;39;0.129;0.362;0.505;0.49;6.74
0.005;16;0.85;103;78;14;2.65;50;9;348;0.26;1.57;39;0.129;0.341;0.469;0.49;6.74
0.005;16;0.85;103;78;14;2.65;50;9;348;0.26;1.57;39;0.129;0.341;0.505;0.46;6.33
0.0061;16;0.93;117;79;12;2.71;67;12;4586;0.29;1.55;83;0.183;0.349;0.573;0.46;6.98
0.0067;16;0.93;117;79;12;2.71;67;12;4586;0.29;1.55;83;0.183;0.349;0.573;0.46;7.06
0.0061;13;0.93;117;79;12;2.71;67;12;4586;0.29;1.55;83;0.183;0.349;0.573;0.46;7.18
0.0061;16;0.9;117;79;12;2.71;67;12;4586;0.29;1.55;83;0.183;0.349;0.573;0.46;6.86
0.0061;16;0.93;111;79;12;2.71;67;12;4586;0.29;1.55;83;0.183;0.349;0.573;0.46;6.96
0.0061;16;0.93;117;83;12;2.71;67;12;4586;0.29;1.55;83;0.183;0.349;0.573;0.46;6.98
0.0061;16;0.93;117;79;11;2.71;67;12;4586;0.29;1.55;83;0.183;0.349;0.573;0.46;6.98
0.0061;16;0.93;117;79;12;2;67;12;4586;0.29;1.55;83;0.183;0.349;0.573;0.46;6.77
0.0061;16;0.93;117;79;12;2.71;54;12;4586;0.29;1.55;83;0.183;0.349;0.573;0.46;6.98
0.0061;16;0.93;117;79;12;2.71;67;11;4586;0.29;1.55;83;0.183;0.349;0.573;0.46;6.98
0.0061;16;0.93;117;79;12;2.71;67;12;1513;0.29;1.55;83;0.183;0.349;0.573;0.46;6.98
0.0061;16;0.93;117;79;12;2.71;67;12;4586;0.25;1.55;83;0.183;0.349;0.573;0.46;6.98
0.0061;16;0.93;117;79;12;2.71;67;12;4586;0.29;1.76;83;0.183;0.349;0.573;0.46;6.98
0.0061;16;0.93;117;79;12;2.71;67;12;4586;0.29;1.55;9;0.183;0.349;0.573;0.46;6.98
0.0061;16;0.93;117;79;12;2.71;67;12;4586;0.29;1.55;83;0.145;0.349;0.573;0.46;6.98
0.0061;16;0.93;117;79;12;2.71;67;12;4586;0.29;1.55;83;0.183;0.349;0.573;0.46;6.98
0.0061;16;0.93;117;79;12;2.71;67;12;4586;0.29;1.55;83;0.183;0.349;0.467;0.46;6.98
0.0061;16;0.93;117;79;12;2.71;67;12;4586;0.29;1.55;83;0.183;0.349;0.573;0.46;6.98
0.0068;12;0.93;73;83;16;1.77;42;10;272;0.2;1.73;38;0.102;0.326;0.551;0.49;6.46
0.0054;12;0.93;73;83;16;1.77;42;10;272;0.2;1.73;38;0.102;0.326;0.551;0.49;6.18
0.0068;13;0.93;73;83;16;1.77;42;10;272;0.2;1.73;38;0.102;0.326;0.551;0.49;6.38
0.0068;12;0.83;73;83;16;1.77;42;10;272;0.2;1.73;38;0.102;0.326;0.551;0.49;6.23
0.0068;12;0.93;90;83;16;1.77;42;10;272;0.2;1.73;38;0.102;0.326;0.551;0.49;6.9
0.0068;12;0.93;73;77;16;1.77;42;10;272;0.2;1.73;38;0.102;0.326;0.551;0.49;6.4
0.0068;12;0.93;73;83;12;1.77;42;10;272;0.2;1.73;38;0.102;0.326;0.551;0.49;6.44
0.0068;12;0.93;73;83;16;2.25;42;10;272;0.2;1.73;38;0.102;0.326;0.551;0.49;6.61
0.0068;12;0.93;73;83;16;1.77;66;10;272;0.2;1.73;38;0.102;0.326;0.551;0.49;6.46
0.0068;12;0.93;73;83;16;1.77;42;11;272;0.2;1.73;38;0.102;0.326;0.551;0.49;6.46
0.0068;12;0.93;73;83;16;1.77;42;10;1538;0.2;1.73;38;0.102;0.326;0.551;0.49;6.46
0.0068;12;0.93;73;83;16;1.77;42;10;272;0.23;1.73;38;0.102;0.326;0.551;0.49;6.46
0.0068;12;0.93;73;83;16;1.77;42;10;272;0.2;1.76;38;0.102;0.326;0.551;0.49;6.46
0.0068;12;0.93;73;83;16;1.77;42;10;272;0.2;1.73;52;0.102;0.326;0.551;0.49;6.46
0.0068;12;0.93;73;83;16;1.77;42;10;272;0.2;1.73;38;0.094;0.326;0.551;0.49;6.46
0.0068;12;0.93;73;83;16;1.77;42;10;272;0.2;1.73;38;0.102;0.36;0.551;0.49;6.46
0.0068;12;0.93;73;83;16;1.77;42;10;272;0.2;1.73;38;0.102;0.326;0.553;0.49;6.46
0.0068;12;0.93;73;83;16;1.77;42;10;272;0.2;1.73;38;0.102;0.326;0.551;0.47;6.2
0.005;11;0.95;104;76;15;1.07;41;10;2970;0.27;1.7;42;0.112;0.313;0.469;0.47;6.45
0.0061;11;0.95;104;76;15;1.07;41;10;2970;0.27;1.7;42;0.112;0.313;0.469;0.47;6.82
0.005;13;0.95;104;76;15;1.07;41;10;2970;0.27;1.7;42;0.112;0.313;0.469;0.47;6.28
0.005;11;0.86;104;76;15;1.07;41;10;2970;0.27;1.7;42;0.112;0.313;0.469;0.47;6.13
0.005;11;0.95;100;76;15;1.07;41;10;2970;0.27;1.7;42;0.112;0.313;0.469;0.47;6.35
0.005;11;0.95;104;84;15;1.07;41;10;2970;0.27;1.7;42;0.112;0.313;0.469;0.47;6.49
0.005;11;0.95;104;76;16;1.07;41;10;2970;0.27;1.7;42;0.112;0.313;0.469;0.47;6.45
0.005;11;0.95;104;76;15;1.16;41;10;2970;0.27;1.7;42;0.112;0.313;0.469;0.47;6.49
0.005;11;0.95;104;76;15;1.07;42;10;2970;0.27;1.7;42;0.112;0.313;0.469;0.47;6.45
0.005;11;0.95;104;76;15;1.07;41;10;2970;0.27;1.7;42;0.112;0.313;0.469;0.47;6.45
0.005;11;0.95;104;76;15;1.07;41;10;497;0.27;1.7;42;0.112;0.313;0.469;0.47;6.45
0.005;11;0.95;104;76;15;1.07;41;10;2970;0.24;1.7;42;0.112;0.313;0.469;0.47;6.45
0.005;11;0.95;104;76;15;1.07;41;10;2970;0.27;1.6;42;0.112;0.313;0.469;0.47;6.45
0.005;11;0.95;104;76;15;1.07;41;10;2970;0.27;1.7;81;0.112;0.313;0.469;0.47;6.45
0.005;11;0.95;104;76;15;1.07;41;10;2970;0.27;1.7;42;0.161;0.313;0.469;0.47;6.45
0.005;11;0.95;104;76;15;1.07;41;10;2970;0.27;1.7;42;0.112;0.305;0.469;0.47;6.45
0.005;11;0.95;104;76;15;1.07;41;10;2970;0.27;1.7;42;0.112;0.313;0.459;0.47;6.45
0.005;11;0.95;104;76;15;1.07;41;10;2970;0.27;1.7;42;0.112;0.313;0.469;0.46;6.31
0.0069;15;0.89;76;83;13;1.28;45;10;1010;0.22;1.69;66;0.137;0.28;0.539;0.47;5.75
0.0062;15;0.89;76;83;13;1.28;45;10;1010;0.22;1.69;66;0.137;0.28;0.539;0.47;5.6
0.0069;15;0.89;76;83;13;1.28;45;10;1010;0.22;1.69;66;0.137;0.28;0.539;0.47;5.75
0.0069;15;0.92;76;83;13;1.28;45;10;1010;0.22;1.69;66;0.137;0.28;0.539;0.47;5.81
0.0069;15;0.89;105;83;13;1.28;45;10;1010;0.22;1.69;66;0.137;0.28;0.539;0.47;6.6
0.0069;15;0.89;76;73;13;1.28;45;10;1010;0.22;1.69;66;0.137;0.28;0.539;0.47;5.7
0.0069;15;0.89;76;83;17;1.28;45;10;1010;0.22;1.69;66;0.137;0.28;0.539;0.47;5.77
0.0069;15;0.89;76;83;13;1.94;45;10;1010;0.22;1.69;66;0.137;0.28;0.539;0.47;6
0.0069;15;0.89;76;83;13;1.28;63;10;1010;0.22;1.69;66;0.137;0.28;0.539;0.47;5.75
0.0069;15;0.89;76;83;13;1.28;45;9;1010;0.22;1.69;66;0.137;0.28;0.539;0.47;5.75
0.0069;15;0.89;76;83;13;1.28;45;10;4178;0.22;1.69;66;0.137;0.28;0.539;0.47;5.75
0.0069;15;0.89;76;83;13;1.28;45;10;1010;0.22;1.69;66;0.137;0.28;0.539;0.47;5.75
0.0069;15;0.89;76;83;13;1.28;45;10;1010;0.22;1.64;66;0.137;0.28;0.539;0.47;5.75
0.0069;15;0.89;76;83;13;1.28;45;10;1010;0.22;1.69;46;0.137;0.28;0.539;0.47;5.75
0.0069;15;0.89;76;83;13;1.28;45;10;1010;0.22;1.69;66;0.093;0.28;0.539;0.47;5.75
0.0069;15;0.89;76;83;13;1.28;45;10;1010;0.22;1.69;66;0.137;0.279;0.539;0.47;5.75
0.0069;15;0.89;76;83;13;1.28;45;10;1010;0.22;1.69;66;0.137;0.28;0.545;0.47;5.75
0.0069;15;0.89;76;83;13;1.28;45;10;1010;0.22;1.69;66;0.137;0.28;0.539;0.45;5.5
0.0063;11;0.92;100;72;17;1.52;55;10;422;0.23;1.57;73;0.176;0.273;0.547;0.48;7.06
0.0064;11;0.92;100;72;17;1.52;55;10;422;0.23;1.57;73;0.176;0.273;0.547;0.48;7.06
0.0063;13;0.92;100;72;17;1.52;55;10;422;0.23;1.57;73;0.176;0.273;0.547;0.48;6.89
0.0063;11;0.81;100;72;17;1.52;55;10;422;0.23;1.57;73;0.176;0.273;0.547;0.48;6.58
0.0063;11;0.92;97;72;17;1.52;55;10;422;0.23;1.57;73;0.176;0.273;0.547;0.48;6.96
0.0063;11;0.92;100;76;17;1.52;55;10;422;0.23;1.57;73;0.176;0.273;0.547;0.48;7.06
0.0063;11;0.92;100;72;14;1.52;55;10;422;0.23;1.57;73;0.176;0.273;0.547;0.48;7.06
0.0063;11;0.92;100;72;17;1.87;55;10;422;0.23;1.57;73;0.176;0.273;0.547;0.48;7.18
0.0063;11;0.92;100;72;17;1.52;49;10;422;0.23;1.57;73;0.176;0.273;0.547;0.48;7.06
0.0063;11;0.92;100;72;17;1.52;55;10;422;0.23;1.57;73;0.176;0.273;0.547;0.48;7.06
0.0063;11;0.92;100;72;17;1.52;55;10;2389;0.23;1.57;73;0.176;0.273;0.547;0.48;7.06
0.0063;11;0.92;100;72;17;1.52;55;10;422;0.28;1.57;73;0.176;0.273;0.547;0.48;7.06
0.0063;11;0.92;100;72;17;1.52;55;10;422;0.23;1.67;73;0.176;0.273;0.547;0.48;7.06
0.0063;11;0.92;100;72;17;1.52;55;10;422;0.23;1.57;80;0.176;0.273;0.547;0.48;7.06
0.0063;11;0.92;100;72;17;1.52;55;10;422;0.23;1.57;73;0.134;0.273;0.547;0.48;7.06
0.0063;11;0.92;100;72;17;1.52;55;10;422;0.23;1.57;73;0.176;0.338;0.547;0.48;7.06
0.0063;11;0.92;100;72;17;1.52;55;10;422;0.23;1.57;73;0.176;0.273;0.549;0.48;7.06
0.0063;11;0.92;100;72;17;1.52;55;10;422;0.23;1.57;73;0.176;0.273;0.547;0.47;6.91
0.0064;15;0.82;75;73;12;1.15;43;11;385;0.22;1.76;77;0.107;0.29;0.457;0.49;5.62
0.0063;15;0.82;75;73;12;1.15;43;11;385;0.22;1.76;77;0.107;0.29;0.457;0.49;5.59
0.0064;7;0.82;75;73;12;1.15;43;11;385;0.22;1.76;77;0.107;0.29;0.457;0.49;6.18
0.0064;15;0.95;75;73;12;1.15;43;11;385;0.22;1.76;77;0.107;0.29;0.457;0.49;5.86
0.0064;15;0.82;109;73;12;1.15;43;11;385;0.22;1.76;77;0.107;0.29;0.457;0.49;6.48
0.0064;15;0.82;75;78;12;1.15;43;11;385;0.22;1.76;77;0.107;0.29;0.457;0.49;5.64
0.0064;15;0.82;75;73;14;1.15;43;11;385;0.22;1.76;77;0.107;0.29;0.457;0.49;5.62
0.0064;15;0.82;75;73;12;1.95;43;11;385;0.22;1.76;77;0.107;0.29;0.457;0.49;5.96
0.0064;15;0.82;75;73;12;1.15;47;11;385;0.22;1.76;77;0.107;0.29;0.457;0.49;5.62
0.0064;15;0.82;75;73;12;1.15;43;11;385;0.22;1.76;77;0.107;0.29;0.457;0.49;5.62
0.0064;15;0.82;75;73;12;1.15;43;11;4656;0.22;1.76;77;0.107;0.29;0.457;0.49;5.62
0.0064;15;0.82;75;73;12;1.15;43;11;385;0.23;1.76;77;0.107;0.29;0.457;0.49;5.62
0.0064;15;0.82;75;73;12;1.15;43;11;385;0.22;1.51;77;0.107;0.29;0.457;0.49;5.62
0.0064;15;0.82;75;73;12;1.15;43;11;385;0.22;1.76;7;0.107;0.29;0.457;0.49;5.62
0.0064;15;0.82;75;73;12;1.15;43;11;385;0.22;1.76;77;0.13;0.29;0.457;0.49;5.62
0.0064;15;0.82;75;73;12;1.15;43;11;385;0.22;1.76;77;0.107;0.388;0.457;0.49;5.62
0.0064;15;0.82;75;73;12;1.15;43;11;385;0.22;1.76;77;0.107;0.29;0.528;0.49;5.62
0.0064;15;0.82;75;73;12;1.15;43;11;385;0.22;1.76;77;0.107;0.29;0.457;0.47;5.39
0.007;9;0.94;89;75;16;1.42;51;10;909;0.28;1.68;79;0.104;0.303;0.562;0.47;6.7
0.0064;9;0.94;89;75;16;1.42;51;10;909;0.28;1.68;79;0.104;0.303;0.562;0.47;6.6
0.007;10;0.94;89;75;16;1.42;51;10;909;0.28;1.68;79;0.104;0.303;0.562;0.47;6.65
0.007;9;0.96;89;75;16;1.42;51;10;909;0.28;1.68;79;0.104;0.303;0.562;0.47;6.79
0.007;9;0.94;84;75;16;1.42;51;10;909;0.28;1.68;79;0.104;0.303;0.562;0.47;6.49
0.007;9;0.94;89;69;16;1.42;51;10;909;0.28;1.68;79;0.104;0.303;0.562;0.47;6.7
0.007;9;0.94;89;75;12;1.42;51;10;909;0.28;1.68;79;0.104;0.303;0.562;0.47;6.7
0.007;9;0.94;89;75;16;2.13;51;10;909;0.28;1.68;79;0.104;0.303;0.562;0.47;6.96
0.007;9;0.94;89;75;16;1.42;55;10;909;0.28;1.68;79;0.104;0.303;0.562;0.47;6.7
0.007;9;0.94;89;75;16;1.42;51;11;909;0.28;1.68;79;0.104;0.303;0.562;0.47;6.7
0.007;9;0.94;89;75;16;1.42;51;10;1431;0.28;1.68;79;0.104;0.303;0.562;0.47;6.7
0.007;9;0.94;89;75;16;1.42;51;10;909;0.3;1.68;79;0.104;0.303;0.562;0.47;6.7
0.007;9;0.94;89;75;16;1.42;51;10;909;0.28;1.75;79;0.104;0.303;0.562;0.47;6.7
0.007;9;0.94;89;75;16;1.42;51;10;909;0.28;1.68;15;0.104;0.303;0.562;0.47;6.7
0.007;9;0.94;89;75;16;1.42;51;10;909;0.28;1.68;79;0.167;0.303;0.562;0.47;6.7
0.007;9;0.94;89;75;16;1.42;51;10;909;0.28;1.68;79;0.104;0.364;0.562;0.47;6.7
0.007;9;0.94;89;75;16;1.42;51;10;909;0.28;1.68;79;0.104;0.303;0.424;0.47;6.7
0.007;9;0.94;89;75;16;1.42;51;10;909;0.28;1.68;79;0.104;0.303;0.562;0.48;6.85
0.0061;11;0.89;97;74;11;2.29;45;11;855;0.21;1.51;74;0.079;0.334;0.423;0.47;6.92
0.0063;11;0.89;97;74;11;2.29;45;11;855;0.21;1.51;74;0.079;0.334;0.423;0.47;6.96
0.0061;8;0.89;97;74;11;2.29;45;11;855;0.21;1.51;74;0.079;0.334;0.423;0.47;7.14
0.0061;11;0.9;97;74;11;2.29;45;11;855;0.21;1.51;74;0.079;0.334;0.423;0.47;6.96
0.0061;11;0.89;73;74;11;2.29;45;11;855;0.21;1.51;74;0.079;0.334;0.423;0.47;6.17
0.0061;11;0.89;97;85;11;2.29;45;11;855;0.21;1.51;74;0.079;0.334;0.423;0.47;6.92
0.0061;11;0.89;97;74;14;2.29;45;11;855;0.21;1.51;74;0.079;0.334;0.423;0.47;6.92
0.0061;11;0.89;97;74;11;1.35;45;11;855;0.21;1.51;74;0.079;0.334;0.423;0.47;6.54
0.0061;11;0.89;97;74;11;2.29;40;11;855;0.21;1.51;74;0.079;0.334;0.423;0.47;6.92
0.0061;11;0.89;97;74;11;2.29;45;9;855;0.21;1.51;74;0.079;0.334;0.423;0.47;6.92
0.0061;11;0.89;97;74;11;2.29;45;11;1084;0.21;1.51;74;0.079;0.334;0.423;0.47;6.92
0.0061;11;0.89;97;74;11;2.29;45;11;855;0.23;1.51;74;0.079;0.334;0.423;0.47;6.92
0.0061;11;0.89;97;74;11;2.29;45;11;855;0.21;1.51;74;0.079;0.334;0.423;0.47;6.92
0.0061;11;0.89;97;74;11;2.29;45;11;855;0.21;1.51;24;0.079;0.334;0.423;0.47;6.92
0.0061;11;0.89;97;74;11;2.29;45;11;855;0.21;1.51;74;0.14;0.334;0.423;0.47;6.92
0.0061;11;0.89;97;74;11;2.29;45;11;855;0.21;1.51;74;0.079;0.386;0.423;0.47;6.92
0.0061;11;0.89;97;74;11;2.29;45;11;855;0.21;1.51;74;0.079;0.334;0.428;0.47;6.92
0.0061;11;0.89;97;74;11;2.29;45;11;855;0.21;1.51;74;0.079;0.334;0.423;0.47;6.92
0.0051;14;0.89;111;77;11;1.78;61;10;334;0.27;1.78;88;0.141;0.286;0.526;0.48;6.7
0.0058;14;0.89;111;77;11;1.78;61;10;334;0.27;1.78;88;0.141;0.286;0.526;0.48;6.89
0.0051;7;0.89;111;77;11;1.78;61;10;334;0.27;1.78;88;0.141;0.286;0.526;0.48;7.23
0.0051;14;0.96;111;77;11;1.78;61;10;334;0.27;1.78;88;0.141;0.286;0.526;0.48;6.93
0.0051;14;0.89;81;77;11;1.78;61;10;334;0.27;1.78;88;0.141;0.286;0.526;0.48;5.84
0.0051;14;0.89;111;77;11;1.78;61;10;334;0.27;1.78;88;0.141;0.286;0.526;0.48;6.7
0.0051;14;0.89;111;77;17;1.78;61;10;334;0.27;1.78;88;0.141;0.286;0.526;0.48;6.71
0.0051;14;0.89;111;77;11;1.85;61;10;334;0.27;1.78;88;0.141;0.286;0.526;0.48;6.75
0.0051;14;0.89;111;77;11;1.78;65;10;334;0.27;1.78;88;0.141;0.286;0.526;0.48;6.7
0.0051;14;0.89;111;77;11;1.78;61;9;334;0.27;1.78;88;0.141;0.286;0.526;0.48;6.7
0.0051;14;0.89;111;77;11;1.78;61;10;2112;0.27;1.78;88;0.141;0.286;0.526;0.48;6.7
0.0051;14;0.89;111;77;11;1.78;61;10;334;0.25;1.78;88;0.141;0.286;0.526;0.48;6.7
0.0051;14;0.89;111;77;11;1.78;61;10;334;0.27;1.55;88;0.141;0.286;0.526;0.48;6.7
0.0051;14;0.89;111;77;11;1.78;61;10;334;0.27;1.78;48;0.141;0.286;0.526;0.48;6.7
0.0051;14;0.89;111;77;11;1.78;61;10;334;0.27;1.78;88;0.174;0.286;0.526;0.48;6.7
0.0051;14;0.89;111;77;11;1.78;61;10;334;0.27;1.78;88;0.141;0.334;0.526;0.48;6.7
0.0051;14;0.89;111;77;11;1.78;61;10;334;0.27;1.78;88;0.141;0.286;0.525;0.48;6.7
0.0051;14;0.89;111;77;11;1.78;61;10;334;0.27;1.78;88;0.141;0.286;0.526;0.49;6.84
0.0063;10;0.97;83;72;13;2.23;60;9;992;0.24;1.55;15;0.08;0.353;0.508;0.45;6.36
0.0066;10;0.97;83;72;13;2.23;60;9;992;0.24;1.55;15;0.08;0.353;0.508;0.45;6.4
0.0063;10;0.97;83;72;13;2.23;60;9;992;0.24;1.55;15;0.08;0.353;0.508;0.45;6.36
0.0063;10;0.93;83;72;13;2.23;60;9;992;0.24;1.55;15;0.08;0.353;0.508;0.45;6.28
0.0063;10;0.97;96;72;13;2.23;60;9;992;0.24;1.55;15;0.08;0.353;0.508;0.45;6.98
0.0063;10;0.97;83;69;13;2.23;60;9;992;0.24;1.55;15;0.08;0.353;0.508;0.45;6.36
0.0063;10;0.97;83;72;12;2.23;60;9;992;0.24;1.55;15;0.08;0.353;0.508;0.45;6.36
0.0063;10;0.97;83;72;13;2.73;60;9;992;0.24;1.55;15;0.08;0.353;0.508;0.45;6.49
0.0063;10;0.97;83;72;13;2.23;51;9;992;0.24;1.55;15;0.08;0.353;0.508;0.45;6.36
0.0063;10;0.97;83;72;13;2.23;60;11;992;0.24;1.55;15;0.08;0.353;0.508;0.45;6.36
0.0063;10;0.97;83;72;13;2.23;60;9;874;0.24;1.55;15;0.08;0.353;0.508;0.45;6.36
0.0063;10;0.97;83;72;13;2.23;60;9;992;0.26;1.55;15;0.08;0.353;0.508;0.45;6.36
0.0063;10;0.97;83;72;13;2.23;60;9;992;0.24;1.54;15;0.08;0.353;0.508;0.45;6.36
0.0063;10;0.97;83;72;13;2.23;60;9;992;0.24;1.55;18;0.08;0.353;0.508;0.45;6.36
0.0063;10;0.97;83;72;13;2.23;60;9;992;0.24;1.55;15;0.109;0.353;0.508;0.45;6.36
0.0063;10;0.97;83;72;13;2.23;60;9;992;0.24;1.55;15;0.08;0.352;0.508;0.45;6.36
0.0063;10;0.97;83;72;13;2.23;60;9;992;0.24;1.55;15;0.08;0.353;0.491;0.45;6.36
0.0063;10;0.97;83;72;13;2.23;60;9;992;0.24;1.55;15;0.08;0.353;0.508;0.47;6.64
0.0066;11;0.89;112;70;10;1.81;58;11;566;0.21;1.7;58;0.149;0.378;0.487;0.49;7.43
0.0053;11;0.89;112;70;10;1.81;58;11;566;0.21;1.7;58;0.149;0.378;0.487;0.49;7.09
0.0066;11;0.89;112;70;10;1.81;58;11;566;0.21;1.7;58;0.149;0.378;0.487;0.49;7.43
0.0066;11;0.84;112;70;10;1.81;58;11;566;0.21;1.7;58;0.149;0.378;0.487;0.49;7.2
0.0066;11;0.89;73;70;10;1.81;58;11;566;0.21;1.7;58;0.149;0.378;0.487;0.49;6.36
0.0066;11;0.89;112;77;10;1.81;58;11;566;0.21;1.7;58;0.149;0.378;0.487;0.49;7.44
0.0066;11;0.89;112;70;17;1.81;58;11;566;0.21;1.7;58;0.149;0.378;0.487;0.49;7.44
0.0066;11;0.89;112;70;10;1.84;58;11;566;0.21;1.7;58;0.149;0.378;0.487;0.49;7.44
0.0066;11;0.89;112;70;10;1.81;59;11;566;0.21;1.7;58;0.149;0.378;0.487;0.49;7.43
0.0066;11;0.89;112;70;10;1.81;58;11;566;0.21;1.7;58;0.149;0.378;0.487;0.49;7.43
0.0066;11;0.89;112;70;10;1.81;58;11;749;0.21;1.7;58;0.149;0.378;0.487;0.49;7.43
0.0066;11;0.89;112;70;10;1.81;58;11;566;0.21;1.7;58;0.149;0.378;0.487;0.49;7.43
0.0066;11;0.89;112;70;10;1.81;58;11;566;0.21;1.61;58;0.149;0.378;0.487;0.49;7.43
0.0066;11;0.89;112;70;10;1.81;58;11;566;0.21;1.7;51;0.149;0.378;0.487;0.49;7.43
0.0066;11;0.89;112;70;10;1.81;58;11;566;0.21;1.7;58;0.179;0.378;0.487;0.49;7.43
0.0066;11;0.89;112;70;10;1.81;58;11;566;0.21;1.7;58;0.149;0.26;0.487;0.49;7.43
0.0066;11;0.89;112;70;10;1.81;58;11;566;0.21;1.7;58;0.149;0.378;0.516;0.49;7.43
0.0066;11;0.89;112;70;10;1.81;58;11;566;0.21;1.7;58;0.149;0.378;0.487;0.47;7.13
0.0061;13;0.99;110;76;15;1.68;69;10;340;0.23;1.67;64;0.113;0.269;0.453;0.49;7.53
0.0054;13;0.99;110;76;15;1.68;69;10;340;0.23;1.67;64;0.113;0.269;0.453;0.49;7.34
0.0061;9;0.99;110;76;15;1.68;69;10;340;0.23;1.67;64;0.113;0.269;0.453;0.49;7.85
0.0061;13;0.98;110;76;15;1.68;69;10;340;0.23;1.67;64;0.113;0.269;0.453;0.49;7.49
0.0061;13;0.99;115;76;15;1.68;69;10;340;0.23;1.67;64;0.113;0.269;0.453;0.49;7.56
0.0061;13;0.99;110;79;15;1.68;69;10;340;0.23;1.67;64;0.113;0.269;0.453;0.49;7.54
0.0061;13;0.99;110;76;16;1.68;69;10;340;0.23;1.67;64;0.113;0.269;0.453;0.49;7.53
0.0061;13;0.99;110;76;15;1.7;69;10;340;0.23;1.67;64;0.113;0.269;0.453;0.49;7.54
0.0061;13;0.99;110;76;15;1.68;53;10;340;0.23;1.67;64;0.113;0.269;0.453;0.49;7.53
0.0061;13;0.99;110;76;15;1.68;69;11;340;0.23;1.67;64;0.113;0.269;0.453;0.49;7.53
0.0061;13;0.99;110;76;15;1.68;69;10;1839;0.23;1.67;64;0.113;0.269;0.453;0.49;7.53
0.0061;13;0.99;110;76;15;1.68;69;10;340;0.25;1.67;64;0.113;0.269;0.453;0.49;7.53
0.0061;13;0.99;110;76;15;1.68;69;10;340;0.23;1.75;64;0.113;0.269;0.453;0.49;7.53
0.0061;13;0.99;110;76;15;1.68;69;10;340;0.23;1.67;71;0.113;0.269;0.453;0.49;7.53
0.0061;13;0.99;110;76;15;1.68;69;10;340;0.23;1.67;64;0.166;0.269;0.453;0.49;7.53
0.0061;13;0.99;110;76;15;1.68;69;10;340;0.23;1.67;64;0.113;0.3;0.453;0.49;7.53
0.0061;13;0.99;110;76;15;1.68;69;10;340;0.23;1.67;64;0.113;0.269;0.437;0.49;7.53
0.0061;13;0.99;110;76;15;1.68;69;10;340;0.23;1.67;64;0.113;0.269;0.453;0.47;7.23
0.0056;9;0.82;106;73;13;2.25;46;12;833;0.3;1.53;11;0.173;0.385;0.438;0.48;7.02
0.0067;9;0.82;106;73;13;2.25;46;12;833;0.3;1.53;11;0.173;0.385;0.438;0.48;7.19
0.0056;13;0.82;106;73;13;2.25;46;12;833;0.3;1.53;11;0.173;0.385;0.438;0.48;6.73
0.0056;9;0.92;106;73;13;2.25;46;12;833;0.3;1.53;11;0.173;0.385;0.438;0.48;7.46
0.0056;9;0.82;109;73;13;2.25;46;12;833;0.3;1.53;11;0.173;0.385;0.438;0.48;7.05
0.0056;9;0.82;106;74;13;2.25;46;12;833;0.3;1.53;11;0.173;0.385;0.438;0.48;7.02
0.0056;9;0.82;106;73;14;2.25;46;12;833;0.3;1.53;11;0.173;0.385;0.438;0.48;7.02
0.0056;9;0.82;106;73;13;2.56;46;12;833;0.3;1.53;11;0.173;0.385;0.438;0.48;7.12
0.0056;9;0.82;106;73;13;2.25;45;12;833;0.3;1.53;11;0.173;0.385;0.438;0.48;7.02
0.0056;9;0.82;106;73;13;2.25;46;9;833;0.3;1.53;11;0.173;0.385;0.438;0.48;7.02
0.0056;9;0.82;106;73;13;2.25;46;12;2793;0.3;1.53;11;0.173;0.385;0.438;0.48;7.02
0.0056;9;0.82;106;73;13;2.25;46;12;833;0.25;1.53;11;0.173;0.385;0.438;0.48;7.02
0.0056;9;0.82;106;73;13;2.25;46;12;833;0.3;1.68;11;0.173;0.385;0.438;0.48;7.02
0.0056;9;0.82;106;73;13;2.25;46;12;833;0.3;1.53;35;0.173;0.385;0.438;0.48;7.02
0.0056;9;0.82;106;73;13;2.25;46;12;833;0.3;1.53;11;0.114;0.385;0.438;0.48;7.02
0.0056;9;0.82;106;73;13;2.25;46;12;833;0.3;1.53;11;0.173;0.379;0.438;0.48;7.02
0.0056;9;0.82;106;73;13;2.25;46;12;833;0.3;1.53;11;0.173;0.385;0.494;0.48;7.02
0.0056;9;0.82;106;73;13;2.25;46;12;833;0.3;1.53;11;0.173;0.385;0.438;0.5;7.31
0.0052;11;0.94;109;83;12;2.44;51;11;3471;0.27;1.7;47;0.129;0.316;0.485;0.48;7.42
0.0068;11;0.94;109;83;12;2.44;51;11;3471;0.27;1.7;47;0.129;0.316;0.485;0.48;7.7
0.0052;9;0.94;109;83;12;2.44;51;11;3471;0.27;1.7;47;0.129;0.316;0.485;0.48;7.57
0.0052;11;0.81;109;83;12;2.44;51;11;3471;0.27;1.7;47;0.129;0.316;0.485;0.48;6.86
0.0052;11;0.94;90;83;12;2.44;51;11;3471;0.27;1.7;47;0.129;0.316;0.485;0.48;6.81
0.0052;11;0.94;109;81;12;2.44;51;11;3471;0.27;1.7;47;0.129;0.316;0.485;0.48;7.42
0.0052;11;0.94;109;83;17;2.44;51;11;3471;0.27;1.7;47;0.129;0.316;0.485;0.48;7.43
0.0052;11;0.94;109;83;12;1.1;51;11;3471;0.27;1.7;47;0.129;0.316;0.485;0.48;6.73
0.0052;11;0.94;109;83;12;2.44;62;11;3471;0.27;1.7;47;0.129;0.316;0.485;0.48;7.42
0.0052;11;0.94;109;83;12;2.44;51;9;3471;0.27;1.7;47;0.129;0.316;0.485;0.48;7.42
0.0052;11;0.94;109;83;12;2.44;51;11;527;0.27;1.7;47;0.129;0.316;0.485;0.48;7.42
0.0052;11;0.94;109;83;12;2.44;51;11;3471;0.26;1.7;47;0.129;0.316;0.485;0.48;7.42
0.0052;11;0.94;109;83;12;2.44;51;11;3471;0.27;1.61;47;0.129;0.316;0.485;0.48;7.42
0.0052;11;0.94;109;83;12;2.44;51;11;3471;0.27;1.7;75;0.129;0.316;0.485;0.48;7.42
0.0052;11;0.94;109;83;12;2.44;51;11;3471;0.27;1.7;47;0.087;0.316;0.485;0.48;7.42
0.0052;11;0.94;109;83;12;2.44;51;11;3471;0.27;1.7;47;0.129;0.349;0.485;0.48;7.42
0.0052;11;0.94;109;83;12;2.44;51;11;3471;0.27;1.7;47;0.129;0.316;0.422;0.48;7.42
0.0052;11;0.94;109;83;12;2.44;51;11;3471;0.27;1.7;47;0.129;0.316;0.485;0.45;6.96
0.0057;9;0.83;98;74;12;2.67;52;12;770;0.29;1.58;83;0.174;0.259;0.476;0.47;6.87
0.0053;9;0.83;98;74;12;2.67;52;12;770;0.29;1.58;83;0.174;0.259;0.476;0.47;6.79
0.0057;16;0.83;98;74;12;2.67;52;12;770;0.29;1.58;83;0.174;0.259;0.476;0.47;6.38
0.0057;9;0.9;98;74;12;2.67;52;12;770;0.29;1.58;83;0.174;0.259;0.476;0.47;7.18
0.0057;9;0.83;87;74;12;2.67;52;12;770;0.29;1.58;83;0.174;0.259;0.476;0.47;6.47
0.0057;9;0.83;98;69;12;2.67;52;12;770;0.29;1.58;83;0.174;0.259;0.476;0.47;6.87
0.0057;9;0.83;98;74;16;2.67;52;12;770;0.29;1.58;83;0.174;0.259;0.476;0.47;6.87
0.0057;9;0.83;98;74;12;1.71;52;12;770;0.29;1.58;83;0.174;0.259;0.476;0.47;6.58
0.0057;9;0.83;98;74;12;2.67;54;12;770;0.29;1.58;83;0.174;0.259;0.476;0.47;6.87
0.0057;9;0.83;98;74;12;2.67;52;10;770;0.29;1.58;83;0.174;0.259;0.476;0.47;6.87
0.0057;9;0.83;98;74;12;2.67;52;12;2041;0.29;1.58;83;0.174;0.259;0.476;0.47;6.87
0.0057;9;0.83;98;74;12;2.67;52;12;770;0.3;1.58;83;0.174;0.259;0.476;0.47;6.87
0.0057;9;0.83;98;74;12;2.67;52;12;770;0.29;1.78;83;0.174;0.259;0.476;0.47;6.87
0.0057;9;0.83;98;74;12;2.67;52;12;770;0.29;1.58;25;0.174;0.259;0.476;0.47;6.87
0.0057;9;0.83;98;74;12;2.67;52;12;770;0.29;1.58;83;0.18;0.259;0.476;0.47;6.87
0.0057;9;0.83;98;74;12;2.67;52;12;770;0.29;1.58;83;0.174;0.378;0.476;0.47;6.87
0.0057;9;0.83;98;74;12;2.67;52;12;770;0.29;1.58;83;0.174;0.259;0.518;0.47;6.87
0.0057;9;0.83;98;74;12;2.67;52;12;770;0.29;1.58;83;0.174;0.259;0.476;0.45;6.58
0.0065;13;0.85;104;72;16;1.92;40;10;254;0.25;1.77;6;0.12;0.367;0.55;0.48;6.89
0.0056;13;0.85;104;72;16;1.92;40;10;254;0.25;1.77;6;0.12;0.367;0.55;0.48;6.71
0.0065;8;0.85;104;72;16;1.92;40;10;254;0.25;1.77;6;0.12;0.367;0.55;0.48;7.24
0.0065;13;0.95;104;72;16;1.92;40;10;254;0.25;1.77;6;0.12;0.367;0.55;0.48;7.31
0.0065;13;0.85;111;72;16;1.92;40;10;254;0.25;1.77;6;0.12;0.367;0.55;0.48;6.97
0.0065;13;0.85;104;72;16;1.92;40;10;254;0.25;1.77;6;0.12;0.367;0.55;0.48;6.89
0.0065;13;0.85;104;72;11;1.92;40;10;254;0.25;1.77;6;0.12;0.367;0.55;0.48;6.89
0.0065;13;0.85;104;72;16;2.68;40;10;254;0.25;1.77;6;0.12;0.367;0.55;0.48;7.09
0.0065;13;0.85;104;72;16;1.92;50;10;254;0.25;1.77;6;0.12;0.367;0.55;0.48;6.89
0.0065;13;0.85;104;72;16;1.92;40;11;254;0.25;1.77;6;0.12;0.367;0.55;0.48;6.89
0.0065;13;0.85;104;72;16;1.92;40;10;1579;0.25;1.77;6;0.12;0.367;0.55;0.48;6.89
0.0065;13;0.85;104;72;16;1.92;40;10;254;0.25;1.77;6;0.12;0.367;0.55;0.48;6.89
0.0065;13;0.85;104;72;16;1.92;40;10;254;0.25;1.59;6;0.12;0.367;0.55;0.48;6.89
0.0065;13;0.85;104;72;16;1.92;40;10;254;0.25;1.77;35;0.12;0.367;0.55;0.48;6.89
0.0065;13;0.85;104;72;16;1.92;40;10;254;0.25;1.77;6;0.106;0.367;0.55;0.48;6.89
0.0065;13;0.85;104;72;16;1.92;40;10;254;0.25;1.77;6;0.12;0.319;0.55;0.48;6.89
0.0065;13;0.85;104;72;16;1.92;40;10;254;0.25;1.77;6;0.12;0.367;0.45;0.48;6.89
0.0065;13;0.85;104;72;16;1.92;40;10;254;0.25;1.77;6;0.12;0.367;0.55;0.48;6.89
0.0054;10;0.93;106;84;18;2.59;65;11;1464;0.25;1.71;30;0.155;0.326;0.552;0.48;7.51
0.0065;10;0.93;106;84;18;2.59;65;11;1464;0.25;1.71;30;0.155;0.326;0.552;0.48;7.68
0.0054;15;0.93;106;84;18;2.59;65;11;1464;0.25;1.71;30;0.155;0.326;0.552;0.48;7.12
0.0054;10;0.85;106;84;18;2.59;65;11;1464;0.25;1.71;30;0.155;0.326;0.552;0.48;7.16
0.0054;10;0.93;76;84;18;2.59;65;11;1464;0.25;1.71;30;0.155;0.326;0.552;0.48;6.58
0.0054;10;0.93;106;74;18;2.59;65;11;1464;0.25;1.71;30;0.155;0.326;0.552;0.48;7.5
0.0054;10;0.93;106;84;16;2.59;65;11;1464;0.25;1.71;30;0.155;0.326;0.552;0.48;7.51
0.0054;10;0.93;106;84;18;1.44;65;11;1464;0.25;1.71;30;0.155;0.326;0.552;0.48;7.05
0.0054;10;0.93;106;84;18;2.59;68;11;1464;0.25;1.71;30;0.155;0.326;0.552;0.48;7.51
0.0054;10;0.93;106;84;18;2.59;65;9;1464;0.25;1.71;30;0.155;0.326;0.552;0.48;7.51
0.0054;10;0.93;106;84;18;2.59;65;11;1236;0.25;1.71;30;0.155;0.326;0.552;0.48;7.51
0.0054;10;0.93;106;84;18;2.59;65;11;1464;0.23;1.71;30;0.155;0.326;0.552;0.48;7.51
0.0054;10;0.93;106;84;18;2.59;65;11;1464;0.25;1.56;30;0.155;0.326;0.552;0.48;7.51
0.0054;10;0.93;106;84;18;2.59;65;11;1464;0.25;1.71;49;0.155;0.326;0.552;0.48;7.51
0.0054;10;0.93;106;84;18;2.59;65;11;1464;0.25;1.71;30;0.097;0.326;0.552;0.48;7.51
0.0054;10;0.93;106;84;18;2.59;65;11;1464;0.25;1.71;30;0.155;0.322;0.552;0.48;7.51
0.0054;10;0.93;106;84;18;2.59;65;11;1464;0.25;1.71;30;0.155;0.326;0.577;0.48;7.51
0.0054;10;0.93;106;84;18;2.59;65;11;1464;0.25;1.71;30;0.155;0.326;0.552;0.48;7.51
0.0062;16;0.84;83;74;11;1.03;41;10;3112;0.25;1.77;83;0.182;0.298;0.465;0.46;5.28
0.006;16;0.84;83;74;11;1.03;41;10;3112;0.25;1.77;83;0.182;0.298;0.465;0.46;5.21
0.0062;7;0.84;83;74;11;1.03;41;10;3112;0.25;1.77;83;0.182;0.298;0.465;0.46;5.89
0.0062;16;0.88;83;74;11;1.03;41;10;3112;0.25;1.77;83;0.182;0.298;0.465;0.46;5.34
0.0062;16;0.84;100;74;11;1.03;41;10;3112;0.25;1.77;83;0.182;0.298;0.465;0.46;5.83
0.0062;16;0.84;83;82;11;1.03;41;10;3112;0.25;1.77;83;0.182;0.298;0.465;0.46;5.3
0.0062;16;0.84;83;74;14;1.03;41;10;3112;0.25;1.77;83;0.182;0.298;0.465;0.46;5.28
0.0062;16;0.84;83;74;11;2.3;41;10;3112;0.25;1.77;83;0.182;0.298;0.465;0.46;5.78
0.0062;16;0.84;83;74;11;1.03;62;10;3112;0.25;1.77;83;0.182;0.298;0.465;0.46;5.28
0.0062;16;0.84;83;74;11;1.03;41;10;3112;0.25;1.77;83;0.182;0.298;0.465;0.46;5.28
0.0062;16;0.84;83;74;11;1.03;41;10;4039;0.25;1.77;83;0.182;0.298;0.465;0.46;5.28
0.0062;16;0.84;83;74;11;1.03;41;10;3112;0.23;1.77;83;0.182;0.298;0.465;0.46;5.28
0.0062;16;0.84;83;74;11;1.03;41;10;3112;0.25;1.6;83;0.182;0.298;0.465;0.46;5.28
0.0062;16;0.84;83;74;11;1.03;41;10;3112;0.25;1.77;61;0.182;0.298;0.465;0.46;5.28
0.0062;16;0.84;83;74;11;1.03;41;10;3112;0.25;1.77;83;0.091;0.298;0.465;0.46;5.28
0.0062;16;0.84;83;74;11;1.03;41;10;3112;0.25;1.77;83;0.182;0.37;0.465;0.46;5.28
0.0062;16;0.84;83;74;11;1.03;41;10;3112;0.25;1.77;83;0.182;0.298;0.512;0.46;5.28
0.0062;16;0.84;83;74;11;1.03;41;10;3112;0.25;1.77;83;0.182;0.298;0.465;0.5;5.74
0.0063;10;0.92;98;81;17;2.45;56;10;358;0.27;1.73;73;0.089;0.356;0.568;0.49;7.54
0.0055;10;0.92;98;81;17;2.45;56;10;358;0.27;1.73;73;0.089;0.356;0.568;0.49;7.39
0.0063;15;0.92;98;81;17;2.45;56;10;358;0.27;1.73;73;0.089;0.356;0.568;0.49;7.15
0.0063;10;0.98;98;81;17;2.45;56;10;358;0.27;1.73;73;0.089;0.356;0.568;0.49;7.8
0.0063;10;0.92;110;81;17;2.45;56;10;358;0.27;1.73;73;0.089;0.356;0.568;0.49;7.78
0.0063;10;0.92;98;79;17;2.45;56;10;358;0.27;1.73;73;0.089;0.356;0.568;0.49;7.54
0.0063;10;0.92;98;81;13;2.45;56;10;358;0.27;1.73;73;0.089;0.356;0.568;0.49;7.54
0.0063;10;0.92;98;81;17;1.67;56;10;358;0.27;1.73;73;0.089;0.356;0.568;0.49;7.27
0.0063;10;0.92;98;81;17;2.45;69;10;358;0.27;1.73;73;0.089;0.356;0.568;0.49;7.54
0.0063;10;0.92;98;81;17;2.45;56;11;358;0.27;1.73;73;0.089;0.356;0.568;0.49;7.54
0.0063;10;0.92;98;81;17;2.45;56;10;581;0.27;1.73;73;0.089;0.356;0.568;0.49;7.54
0.0063;10;0.92;98;81;17;2.45;56;10;358;0.25;1.73;73;0.089;0.356;0.568;0.49;7.54
0.0063;10;0.92;98;81;17;2.45;56;10;358;0.27;1.75;73;0.089;0.356;0.568;0.49;7.54
0.0063;10;0.92;98;81;17;2.45;56;10;358;0.27;1.73;5;0.089;0.356;0.568;0.49;7.54
0.0063;10;0.92;98;81;17;2.45;56;10;358;0.27;1.73;73;0.183;0.356;0.568;0.49;7.54
0.0063;10;0.92;98;81;17;2.45;56;10;358;0.27;1.73;73;0.089;0.4;0.568;0.49;7.54
0.0063;10;0.92;98;81;17;2.45;56;10;358;0.27;1.73;73;0.089;0.356;0.549;0.49;7.54
0.0063;10;0.92;98;81;17;2.45;56;10;358;0.27;1.73;73;0.089;0.356;0.568;0.49;7.54
0.0058;15;0.89;98;83;12;2.53;60;12;3075;0.29;1.6;8;0.079;0.386;0.507;0.45;6.39
0.0068;15;0.89;98;83;12;2.53;60;12;3075;0.29;1.6;8;0.079;0.386;0.507;0.45;6.53
0.0058;9;0.89;98;83;12;2.53;60;12;3075;0.29;1.6;8;0.079;0.386;0.507;0.45;6.81
0.0058;15;0.98;98;83;12;2.53;60;12;3075;0.29;1.6;8;0.079;0.386;0.507;0.45;6.75
0.0058;15;0.89;115;83;12;2.53;60;12;3075;0.29;1.6;8;0.079;0.386;0.507;0.45;6.64
0.0058;15;0.89;98;78;12;2.53;60;12;3075;0.29;1.6;8;0.079;0.386;0.507;0.45;6.39
0.0058;15;0.89;98;83;18;2.53;60;12;3075;0.29;1.6;8;0.079;0.386;0.507;0.45;6.39
0.0058;15;0.89;98;83;12;2.28;60;12;3075;0.29;1.6;8;0.079;0.386;0.507;0.45;6.34
0.0058;15;0.89;98;83;12;2.53;44;12;3075;0.29;1.6;8;0.079;0.386;0.507;0.45;6.39
0.0058;15;0.89;98;83;12;2.53;60;11;3075;0.29;1.6;8;0.079;0.386;0.507;0.45;6.39
0.0058;15;0.89;98;83;12;2.53;60;12;556;0.29;1.6;8;0.079;0.386;0.507;0.45;6.39
0.0058;15;0.89;98;83;12;2.53;60;12;3075;0.23;1.6;8;0.079;0.386;0.507;0.45;6.39
0.0058;15;0.89;98;83;12;2.53;60;12;3075;0.29;1.79;8;0.079;0.386;0.507;0.45;6.39
0.0058;15;0.89;98;83;12;2.53;60;12;3075;0.29;1.6;35;0.079;0.386;0.507;0.45;6.39
0.0058;15;0.89;98;83;12;2.53;60;12;3075;0.29;1.6;8;0.177;0.386;0.507;0.45;6.39
0.0058;15;0.89;98;83;12;2.53;60;12;3075;0.29;1.6;8;0.079;0.339;0.507;0.45;6.39
0.0058;15;0.89;98;83;12;2.53;60;12;3075;0.29;1.6;8;0.079;0.386;0.557;0.45;6.39
0.0058;15;0.89;98;83;12;2.53;60;12;3075;0.29;1.6;8;0.079;0.386;0.507;0.48;6.82
0.0061;13;0.83;95;81;15;1.09;50;10;299;0.21;1.75;90;0.14;0.284;0.574;0.49;6.22
0.007;13;0.83;95;81;15;1.09;50;10;299;0.21;1.75;90;0.14;0.284;0.574;0.49;6.4
0.0061;16;0.83;95;81;15;1.09;50;10;299;0.21;1.75;90;0.14;0.284;0.574;0.49;5.98
0.0061;13;0.88;95;81;15;1.09;50;10;299;0.21;1.75;90;0.14;0.284;0.574;0.49;6.4
0.0061;13;0.83;112;81;15;1.09;50;10;299;0.21;1.75;90;0.14;0.284;0.574;0.49;6.59
0.0061;13;0.83;95;75;15;1.09;50;10;299;0.21;1.75;90;0.14;0.284;0.574;0.49;6.21
0.0061;13;0.83;95;81;14;1.09;50;10;299;0.21;1.75;90;0.14;0.284;0.574;0.49;6.22
0.0061;13;0.83;95;81;15;1.37;50;10;299;0.21;1.75;90;0.14;0.284;0.574;0.49;6.38
0.0061;13;0.83;95;81;15;1.09;62;10;299;0.21;1.75;90;0.14;0.284;0.574;0.49;6.22
0.0061;13;0.83;95;81;15;1.09;50;11;299;0.21;1.75;90;0.14;0.284;0.574;0.49;6.22
0.0061;13;0.83;95;81;15;1.09;50;10;1797;0.21;1.75;90;0.14;0.284;0.574;0.49;6.22
0.0061;13;0.83;95;81;15;1.09;50;10;299;0.27;1.75;90;0.14;0.284;0.574;0.49;6.22
0.0061;13;0.83;95;81;15;1.09;50;10;299;0.21;1.67;90;0.14;0.284;0.574;0.49;6.22
0.0061;13;0.83;95;81;15;1.09;50;10;299;0.21;1.75;41;0.14;0.284;0.574;0.49;6.22
0.0061;13;0.83;95;81;15;1.09;50;10;299;0.21;1.75;90;0.082;0.284;0.574;0.49;6.22
0.0061;13;0.83;95;81;15;1.09;50;10;299;0.21;1.75;90;0.14;0.31;0.574;0.49;6.22
0.0061;13;0.83;95;81;15;1.09;50;10;299;0.21;1.75;90;0.14;0.284;0.575;0.49;6.22
0.0061;13;0.83;95;81;15;1.09;50;10;299;0.21;1.75;90;0.14;0.284;0.574;0.48;6.09
0.0054;8;0.85;70;81;16;2.75;61;11;267;0.22;1.59;52;0.165;0.391;0.478;0.48;6.46
0.0055;8;0.85;70;81;16;2.75;61;11;267;0.22;1.59;52;0.165;0.391;0.478;0.48;6.48
0.0054;11;0.85;70;81;16;2.75;61;11;267;0.22;1.59;52;0.165;0.391;0.478;0.48;6.25
0.0054;8;0.95;70;81;16;2.75;61;11;267;0.22;1.59;52;0.165;0.391;0.478;0.48;6.68
0.0054;8;0.85;87;81;16;2.75;61;11;267;0.22;1.59;52;0.165;0.391;0.478;0.48;6.71
0.0054;8;0.85;70;71;16;2.75;61;11;267;0.22;1.59;52;0.165;0.391;0.478;0.48;6.39
0.0054;8;0.85;70;81;12;2.75;61;11;267;0.22;1.59;52;0.165;0.391;0.478;0.48;6.44
0.0054;8;0.85;70;81;16;2.18;61;11;267;0.22;1.59;52;0.165;0.391;0.478;0.48;6.3
0.0054;8;0.85;70;81;16;2.75;56;11;267;0.22;1.59;52;0.165;0.391;0.478;0.48;6.46
0.0054;8;0.85;70;81;16;2.75;61;11;267;0.22;1.59;52;0.165;0.391;0.478;0.48;6.46
0.0054;8;0.85;70;81;16;2.75;61;11;2481;0.22;1.59;52;0.165;0.391;0.478;0.48;6.46
0.0054;8;0.85;70;81;16;2.75;61;11;267;0.26;1.59;52;0.165;0.391;0.478;0.48;6.46
0.0054;8;0.85;70;81;16;2.75;61;11;267;0.22;1.73;52;0.165;0.391;0.478;0.48;6.46
0.0054;8;0.85;70;81;16;2.75;61;11;267;0.22;1.59;23;0.165;0.391;0.478;0.48;6.46
0.0054;8;0.85;70;81;16;2.75;61;11;267;0.22;1.59;52;0.186;0.391;0.478;0.48;6.46
0.0054;8;0.85;70;81;16;2.75;61;11;267;0.22;1.59;52;0.165;0.331;0.478;0.48;6.46
0.0054;8;0.85;70;81;16;2.75;61;11;267;0.22;1.59;52;0.165;0.391;0.497;0.48;6.46
0.0054;8;0.85;70;81;16;2.75;61;11;267;0.22;1.59;52;0.165;0.391;0.478;0.49;6.59
0.0066;11;0.83;90;72;15;1.02;48;10;892;0.25;1.73;51;0.143;0.322;0.535;0.46;5.79
0.0058;11;0.83;90;72;15;1.02;48;10;892;0.25;1.73;51;0.143;0.322;0.535;0.46;5.6
0.0066;8;0.83;90;72;15;1.02;48;10;892;0.25;1.73;51;0.143;0.322;0.535;0.46;6.01
0.0066;11;0.81;90;72;15;1.02;48;10;892;0.25;1.73;51;0.143;0.322;0.535;0.46;5.73
0.0066;11;0.83;78;72;15;1.02;48;10;892;0.25;1.73;51;0.143;0.322;0.535;0.46;5.56
0.0066;11;0.83;90;71;15;1.02;48;10;892;0.25;1.73;51;0.143;0.322;0.535;0.46;5.79
0.0066;11;0.83;90;72;11;1.02;48;10;892;0.25;1.73;51;0.143;0.322;0.535;0.46;5.79
0.0066;11;0.83;90;72;15;2.13;48;10;892;0.25;1.73;51;0.143;0.322;0.535;0.46;6.23
0.0066;11;0.83;90;72;15;1.02;55;10;892;0.25;1.73;51;0.143;0.322;0.535;0.46;5.79
0.0066;11;0.83;90;72;15;1.02;48;10;892;0.25;1.73;51;0.143;0.322;0.535;0.46;5.79
0.0066;11;0.83;90;72;15;1.02;48;10;1264;0.25;1.73;51;0.143;0.322;0.535;0.46;5.79
0.0066;11;0.83;90;72;15;1.02;48;10;892;0.28;1.73;51;0.143;0.322;0.535;0.46;5.79
0.0066;11;0.83;90;72;15;1.02;48;10;892;0.25;1.74;51;0.143;0.322;0.535;0.46;5.79
0.0066;11;0.83;90;72;15;1.02;48;10;892;0.25;1.73;37;0.143;0.322;0.535;0.46;5.79
0.0066;11;0.83;90;72;15;1.02;48;10;892;0.25;1.73;51;0.095;0.322;0.535;0.46;5.79
0.0066;11;0.83;90;72;15;1.02;48;10;892;0.25;1.73;51;0.143;0.399;0.535;0.46;5.79
0.0066;11;0.83;90;72;15;1.02;48;10;892;0.25;1.73;51;0.143;0.322;0.517;0.46;5.79
0.0066;11;0.83;90;72;15;1.02;48;10;892;0.25;1.73;51;0.143;0.322;0.535;0.47;5.91
0.0057;14;0.91;74;78;13;1.6;67;11;2419;0.27;1.77;37;0.127;0.361;0.572;0.49;5.94
0.0053;14;0.91;74;78;13;1.6;67;11;2419;0.27;1.77;37;0.127;0.361;0.572;0.49;5.86
0.0057;15;0.91;74;78;13;1.6;67;11;2419;0.27;1.77;37;0.127;0.361;0.572;0.49;5.89
0.0057;14;0.97;74;78;13;1.6;67;11;2419;0.27;1.77;37;0.127;0.361;0.572;0.49;6.06
0.0057;14;0.91;79;78;13;1.6;67;11;2419;0.27;1.77;37;0.127;0.361;0.572;0.49;6.02
0.0057;14;0.91;74;87;13;1.6;67;11;2419;0.27;1.77;37;0.127;0.361;0.572;0.49;6.03
0.0057;14;0.91;74;78;12;1.6;67;11;2419;0.27;1.77;37;0.127;0.361;0.572;0.49;5.93
0.0057;14;0.91;74;78;13;1.26;67;11;2419;0.27;1.77;37;0.127;0.361;0.572;0.49;5.76
0.0057;14;0.91;74;78;13;1.6;65;11;2419;0.27;1.77;37;0.127;0.361;0.572;0.49;5.94
0.0057;14;0.91;74;78;13;1.6;67;11;2419;0.27;1.77;37;0.127;0.361;0.572;0.49;5.94
0.0057;14;0.91;74;78;13;1.6;67;11;2181;0.27;1.77;37;0.127;0.361;0.572;0.49;5.94
0.0057;14;0.91;74;78;13;1.6;67;11;2419;0.29;1.77;37;0.127;0.361;0.572;0.49;5.94
0.0057;14;0.91;74;78;13;1.6;67;11;2419;0.27;1.74;37;0.127;0.361;0.572;0.49;5.94
0.0057;14;0.91;74;78;13;1.6;67;11;2419;0.27;1.77;25;0.127;0.361;0.572;0.49;5.94
0.0057;14;0.91;74;78;13;1.6;67;11;2419;0.27;1.77;37;0.181;0.361;0.572;0.49;5.94
0.0057;14;0.91;74;78;13;1.6;67;11;2419;0.27;1.77;37;0.127;0.286;0.572;0.49;5.94
0.0057;14;0.91;74;78;13;1.6;67;11;2419;0.27;1.77;37;0.127;0.361;0.547;0.49;5.94
0.0057;14;0.91;74;78;13;1.6;67;11;2419;0.27;1.77;37;0.127;0.361;0.572;0.48;5.82
0.0057;9;0.81;98;76;13;1.41;55;10;414;0.29;1.77;28;0.157;0.296;0.444;0.49;6.61
0.0054;9;0.81;98;76;13;1.41;55;10;414;0.29;1.77;28;0.157;0.296;0.444;0.49;6.52
0.0057;8;0.81;98;76;13;1.41;55;10;414;0.29;1.77;28;0.157;0.296;0.444;0.49;6.69
0.0057;9;0.93;98;76;13;1.41;55;10;414;0.29;1.77;28;0.157;0.296;0.444;0.49;7.14
0.0057;9;0.81;97;76;13;1.41;55;10;414;0.29;1.77;28;0.157;0.296;0.444;0.49;6.57
0.0057;9;0.81;98;69;13;1.41;55;10;414;0.29;1.77;28;0.157;0.296;0.444;0.49;6.6
0.0057;9;0.81;98;76;16;1.41;55;10;414;0.29;1.77;28;0.157;0.296;0.444;0.49;6.61
0.0057;9;0.81;98;76;13;2.47;55;10;414;0.29;1.77;28;0.157;0.296;0.444;0.49;7.01
0.0057;9;0.81;98;76;13;1.41;61;10;414;0.29;1.77;28;0.157;0.296;0.444;0.49;6.61
0.0057;9;0.81;98;76;13;1.41;55;12;414;0.29;1.77;28;0.157;0.296;0.444;0.49;6.61
0.0057;9;0.81;98;76;13;1.41;55;10;1163;0.29;1.77;28;0.157;0.296;0.444;0.49;6.61
0.0057;9;0.81;98;76;13;1.41;55;10;414;0.29;1.77;28;0.157;0.296;0.444;0.49;6.61
0.0057;9;0.81;98;76;13;1.41;55;10;414;0.29;1.78;28;0.157;0.296;0.444;0.49;6.61
0.0057;9;0.81;98;76;13;1.41;55;10;414;0.29;1.77;53;0.157;0.296;0.444;0.49;6.61
0.0057;9;0.81;98;76;13;1.41;55;10;414;0.29;1.77;28;0.163;0.296;0.444;0.49;6.61
0.0057;9;0.81;98;76;13;1.41;55;10;414;0.29;1.77;28;0.157;0.399;0.444;0.49;6.61
0.0057;9;0.81;98;76;13;1.41;55;10;414;0.29;1.77;28;0.157;0.296;0.437;0.49;6.61
0.0057;9;0.81;98;76;13;1.41;55;10;414;0.29;1.77;28;0.157;0.296;0.444;0.5;6.75
